ID,Label,Total_2016-2022_Comp,Dem_2016-2022_Comp,Rep_2016-2022_Comp,Total_2016-2020_Comp,Dem_2016-2020_Comp,Rep_2016-2020_Comp,Total_2022_Tres,Dem_2022_Tres,Rep_2022_Tres,Total_2022_Gov,Dem_2022_Gov,Rep_2022_Gov,Total_2022_Con,Dem_2022_Con,Rep_2022_Con,Total_2022_AG,Dem_2022_AG,Rep_2022_AG,Total_2022_LtG,Dem_2022_LtG,Rep_2022_LtG,Total_2020_Sen,Dem_2020_Sen,Rep_2020_Sen,Total_2020_Pres,Dem_2020_Pres,Rep_2020_Pres,Total_2018_LtG,Dem_2018_LtG,Rep_2018_LtG,Total_2018_Gov,Dem_2018_Gov,Rep_2018_Gov,Total_2018_AG,Dem_2018_AG,Rep_2018_AG,Total_2018_Sen,Dem_2018_Sen,Rep_2018_Sen,Total_2016_Pres,Dem_2016_Pres,Rep_2016_Pres,Total_2014_Gov,Dem_2014_Gov,Rep_2014_Gov,Total_2014_Sen,Dem_2014_Sen,Rep_2014_Sen,Total_2019_CVAP,White_2019_CVAP,Hispanic_2019_CVAP,Black_2019_CVAP,Asian_2019_CVAP,Native_2019_CVAP,Pacific_2019_CVAP,BlackAlone_2019_CVAP,AsianAlone_2019_CVAP,NativeAlone_2019_CVAP,OtherAlone_2019_CVAP,TwoOrMore_2019_CVAP,Total_2019_Total,White_2019_Total,Hispanic_2019_Total,Black_2019_Total,Asian_2019_Total,Native_2019_Total,Pacific_2019_Total,BlackAlone_2019_Total,NativeAlone_2019_Total,Total_2020_CVAP,White_2020_CVAP,Hispanic_2020_CVAP,Black_2020_CVAP,Asian_2020_CVAP,Native_2020_CVAP,Pacific_2020_CVAP,BlackAlone_2020_CVAP,AsianAlone_2020_CVAP,NativeAlone_2020_CVAP,PacificAlone_2020_CVAP,OtherAlone_2020_CVAP,Total_2020_ACSTot,White_2020_ACSTot,Hispanic_2020_ACSTot,Black_2020_ACSTot,Asian_2020_ACSTot,Native_2020_ACSTot,Pacific_2020_ACSTot,BlackAlone_2020_ACSTot,AsianAlone_2020_ACSTot,NativeAlone_2020_ACSTot,PacificAlone_2020_ACSTot,OtherAlone_2020_ACSTot,TwoOrMore_2020_ACSTot,Total_2010_Total,White_2010_Total,Hispanic_2010_Total,Black_2010_Total,Asian_2010_Total,Native_2010_Total,Pacific_2010_Total,BlackAlone_2010_Total,NativeAlone_2010_Total,Total_2010_VAP,White_2010_VAP,Hispanic_2010_VAP,Black_2010_VAP,Asian_2010_VAP,Native_2010_VAP,Pacific_2010_VAP,BlackAlone_2010_VAP,NativeAlone_2010_VAP,Total_2020_NHVAP,White_2020_NHVAP,Hispanic_2020_NHVAP,BlackAlone_2020_NHVAP,AsianAlone_2020_NHVAP,NativeAlone_2020_NHVAP,PacificAlone_2020_NHVAP,OtherAlone_2020_NHVAP,TwoOrMore_2020_NHVAP,Total_2020_Total,White_2020_Total,Hispanic_2020_Total,Black_2020_Total,Asian_2020_Total,Native_2020_Total,Pacific_2020_Total,Total_2020_VAP,White_2020_VAP,Hispanic_2020_VAP,Black_2020_VAP,Asian_2020_VAP,Native_2020_VAP,Pacific_2020_VAP
0,Un,0,0,0,0,0,0,0,0,0,0,0,0,0,0,0,0,0,0,0,0,0,0,0,0,0,0,0,0,0,0,0,0,0,0,0,0,0,0,0,0,0,0,0,0,0,0,0,0,0,0,0,0,0,0,0,0,0,0,0,0,0,0,0,0,0,0,0,0,0,0,0,0,0,0,0,0,0,0,0,0,0,0,0,0,0,0,0,0,0,0,0,0,0,0,0,0,0,0,0,0,0,0,0,0,0,0,0,0,0,0,0,0,0,0,0,0,0,0,0,0,0,0,0,0,0,0,0,0,0,0,0,0,0,0,0
37,1,271612,60023,207759,272238,62550,205944,235381,44321,187707,237801,46151,189102,235469,45422,188100,236210,46624,184679,236729,47380,185109,318753,72427,240282,323003,75801,243498,240347,63261,173177,241253,52467,186131,239839,59461,176245,241240,59001,180698,279157,62055,209419,155265,36828,118438,150089,31865,118224,550008,411509,40346,86486,3812,7085,384,84362,3050,2796,746,0,762520,517711,107298,120902,9117,10812,1260,0,0,554233,412637,42812,86756,4022,7604,366,0,0,0,0,0,766491,516827,109969,121767,9465,11899,889,110312,6272,3963,412,723,18014,745529,523046,90167,118518,6699,11685,873,0,0,563188,414153,54009,84293,4643,8318,533,0,0,588752,400750,73809,82921,5082,3626,308,1486,20770,766787,496193,116268,121378,9500,26525,1304,588752,400750,73809,88205,6795,19762,857
20,2,273572,78411,189441,268197,76274,186493,247286,64449,177856,249759,71064,175406,246508,65125,180065,248371,69679,172248,249037,70559,172733,328146,93871,226605,331552,101831,225086,232921,67076,161493,233438,60194,170053,232471,67983,159492,233240,70571,160929,252509,63743,176669,125640,26280,99360,121583,21403,100181,464562,336624,74619,34158,13799,4213,478,32627,12404,1410,854,0,706658,441397,176820,55840,29641,8748,1560,0,0,481825,342492,82433,37311,14350,3955,349,0,0,0,0,0,732713,449630,188775,60739,30960,8349,1500,51415,24041,1268,372,1659,15554,562454,382782,121752,37359,17752,7280,1243,0,0,405131,291518,75071,23858,11927,4951,727,0,0,565074,338844,138145,41667,23042,1692,640,2210,18834,766876,430392,211303,70637,38447,23783,2191,565074,338844,138145,47566,26954,16963,1443
33,3,277038,143116,127688,284084,143463,134147,237189,110938,120713,239830,123965,112561,233106,95795,117122,237464,124333,104110,238725,125832,106092,329185,162695,158897,331073,181325,144657,258433,130544,121680,259787,116301,137913,258105,133797,117667,261260,140392,118760,266873,126114,127077,144494,56171,88323,139926,46336,93590,483178,290912,69805,70368,44574,7147,424,66949,42132,1418,1575,0,762111,357211,189806,108363,103329,12676,1989,0,0,495718,294935,75027,74763,44078,6008,439,0,0,0,0,0,770302,360387,187897,112854,106166,12603,1984,99300,96280,1645,687,1515,22592,667932,361123,157270,77007,71524,7631,1006,0,0,507135,294145,102677,55959,52360,5378,674,0,0,601181,290677,129749,76872,80849,1539,278,2531,18686,766990,345609,184457,111966,115812,18834,1549,601181,290677,129749,84910,86764,14388,1070
34,4,292568,129720,155379,291388,127053,157032,259556,106667,147298,264971,118498,142696,260331,110028,143947,260820,116303,134981,262318,117999,137581,347218,150192,188635,355360,167219,181452,258331,113445,139064,259916,103118,151937,258078,115907,135240,261604,122225,137123,269023,103990,147881,130957,44129,86828,127263,37508,89755,452835,303734,47807,47557,49127,3613,280,45475,46943,1638,971,0,703816,399667,113405,75349,112384,6836,1572,0,0,468165,307143,51764,51510,52537,4138,292,0,0,0,0,0,720585,400721,115824,80537,119643,7469,1512,69304,109402,2085,434,1707,21107,594947,370487,91357,53202,76972,7371,1068,0,0,422507,277238,56626,33941,51821,4808,680,0,0,569986,309139,86607,54328,95230,2135,350,2144,20053,766855,390033,130830,89026,142474,20727,1711,569986,309139,86607,60584,101399,14536,1120
38,5,270821,74378,191494,264820,72379,187805,246574,61800,179880,250041,67450,179284,157661,38838,116007,247385,66481,173342,248259,68180,174205,322057,88524,226383,324076,93909,225738,231851,67338,159963,232692,57856,171622,231386,67145,159168,232783,68047,163049,253609,62142,181966,133877,33510,100367,130522,28509,102013,490212,353530,68832,57111,4925,5049,368,55469,4164,1993,636,0,706390,453375,155870,82949,9966,11960,1572,0,0,506719,359707,75082,60710,5097,5128,304,0,0,0,0,0,725981,458353,162864,88148,11024,12627,1554,78281,7913,2170,1095,743,14575,630040,424893,122468,71663,6507,8181,1108,0,0,457584,327576,72496,49135,4301,5745,679,0,0,568337,357886,115183,65146,6751,2485,826,1645,18415,767292,451570,181657,102338,13195,24417,2099,568337,357886,115183,70378,8916,17750,1367
31,6,194749,124853,66026,203987,130648,69192,154760,92375,56804,156317,99296,55014,95093,61759,30788,155112,97606,52575,155454,97551,53273,240062,149865,83541,241772,158310,80170,182482,117580,61087,183504,112083,68052,182457,119428,58661,184545,124479,58770,193753,119740,66455,95649,53571,42078,92175,48703,43472,407504,139158,131854,103352,28564,3085,484,101489,27296,1335,1273,0,765287,175352,363134,161900,67154,7114,1856,0,0,415426,138400,139755,103380,29075,3432,293,0,0,0,0,0,773764,173648,367947,165545,70475,8463,1497,150826,64218,1520,305,2159,13129,688860,186092,326996,129182,48242,9592,1287,0,0,480722,153624,205437,85530,35489,6302,816,0,0,564116,133057,252338,106891,55280,1653,475,2126,12296,766204,156129,367459,161091,78676,23527,1697,564116,133057,252338,114865,58934,17134,1188
24,7,239355,117738,116228,245478,119812,120329,199633,89638,105521,201761,98663,100026,200698,94089,103693,200269,97294,97083,200838,98477,97407,289915,138049,144878,293078,151320,137603,219272,108643,106362,219599,97731,118059,218858,110460,103605,220039,113437,104825,232770,107810,112946,124174,44713,79460,119654,36215,83438,439327,227083,111019,61109,35973,3189,275,59542,33687,1309,970,0,752810,299494,275496,102972,76532,8408,1608,0,0,449683,224293,114681,66671,38890,3867,305,0,0,0,0,0,751147,291124,268963,110438,81528,9036,1606,95699,70314,1892,397,3014,19745,654792,289945,234432,73771,58840,7457,1187,0,0,483208,235520,153930,49901,43954,5066,783,0,0,584257,230331,201437,73929,59047,1149,194,2740,15430,767293,277908,285289,116839,84446,20667,1352,584257,230331,201437,83263,64630,15118,906
35,8,270089,75041,191429,276060,80151,192393,223660,53231,167301,226459,54700,169293,223856,54223,169341,224798,54968,165930,225036,55061,166129,319612,90597,222883,324475,94138,226802,244092,76530,164100,245425,67936,175188,243713,74569,165587,245888,74932,169721,285062,82632,195106,159882,48202,111680,155089,44754,110335,555505,378475,49315,114963,7159,5140,209,113686,6733,1934,422,0,774827,476213,119312,158584,15786,9293,741,0,0,556601,377863,50604,115042,7530,5288,154,0,0,0,0,0,775199,473645,121688,158404,15989,9473,678,151131,13770,2164,249,927,11621,764006,488831,99775,157342,14004,8669,702,0,0,578912,388246,63507,113282,10022,6329,451,0,0,589523,363681,85650,109637,11202,2489,168,1416,15280,766867,449171,128798,157049,17463,18513,872,589523,363681,85650,114826,12831,14075,592
19,9,222348,167313,50925,232089,173949,54013,179185,129032,46149,181848,136222,43037,180683,137031,43195,180101,134050,41564,180685,134301,41545,265969,193190,66335,270552,206195,61155,210383,159153,47951,210487,149091,58038,210101,161041,45330,211143,163888,46013,226954,170326,48103,127477,92266,35211,123017,84064,38953,442972,125337,85904,197573,31592,1838,270,195635,30281,735,861,0,770886,160711,267707,276866,69565,5160,1187,0,0,447471,127592,88571,197198,31009,2199,82,0,0,0,0,0,771401,163318,266856,278021,68924,6261,1081,262558,58580,853,78,3024,16132,684824,151516,225083,261027,51881,7969,1056,0,0,507372,127076,149591,191046,41640,5665,754,0,0,583119,123735,189316,199654,54991,756,189,2587,11891,766981,146187,272248,277035,74238,17895,1461,583119,123735,189316,210878,59304,12804,1041
13,10,325245,146592,169381,314537,138944,166555,309540,132186,169273,315127,145076,164681,149494,69481,78319,308758,142282,154794,311554,143094,158561,385087,169629,205653,391885,183043,200603,279839,125280,145833,281043,113402,160597,279003,127763,141590,281891,134586,144007,271358,105225,146821,141184,52357,88827,135728,44364,91364,468626,333221,87970,24482,17852,3528,254,22884,15004,835,1365,0,677251,435011,157143,43455,41725,8743,1779,0,0,490660,346699,92829,27017,18568,3636,454,0,0,0,0,0,706208,448402,165159,47169,47233,9679,1960,33714,35251,979,623,1103,20981,515195,351437,112038,28658,21608,6715,1121,0,0,368343,265229,69269,17763,13776,4426,667,0,0,570998,365865,117626,27397,34747,1673,520,2506,20664,766983,464155,176385,50635,61527,22013,2314,570998,365865,117626,33787,40724,15712,1539
2,11,218395,62250,152091,222824,65808,152892,179822,42522,131979,184015,46669,134714,88574,24400,59327,181010,46814,129506,181412,45675,130778,262811,72449,183412,267246,77398,186159,196141,62077,129494,197641,55875,138970,195831,61020,129744,198362,64110,132604,224246,67275,147730,111502,26904,84598,106873,23325,83548,489514,233891,227685,19060,3839,4414,232,18360,3140,1818,575,0,759702,291333,422707,33318,11550,11555,1045,0,0,490263,231970,229977,19048,4341,4383,130,0,0,0,0,0,756124,288456,420056,33100,12753,10734,976,26083,8933,2212,200,920,9262,685525,295777,354369,26940,6979,8922,835,0,0,498793,241115,231927,18186,4901,6358,538,0,0,570793,234165,294955,19332,7337,1937,519,1522,11026,766122,286367,423715,33931,13626,19613,1787,570793,234165,294955,23512,9579,14459,1185
26,12,283259,94600,182353,282129,92902,183026,252679,78996,168178,255233,86199,165606,125332,41540,83792,253489,85042,159470,254221,87600,159797,335716,108893,218250,338075,118561,214283,250578,84708,159985,251436,75544,171558,249911,86157,157416,251860,89977,159702,269323,79166,177061,149055,45203,103852,143992,37035,106958,521534,381708,79104,42374,12109,4778,560,40199,10161,1610,1172,0,731290,484349,151641,68406,23549,8993,2137,0,0,528131,380310,85322,43394,12349,4902,988,0,0,0,0,0,736464,479404,159033,69138,24571,9656,2699,57258,17887,1977,1610,1159,18141,649675,464330,114508,47812,18017,8767,1488,0,0,482603,362393,71068,31802,12717,6267,928,0,0,580862,377634,111025,48932,16685,2715,930,1947,20994,767001,469707,168850,81357,28364,25011,2757,580862,377634,111025,55122,20631,18365,1717
15,13,256750,48518,203876,256357,49661,202498,224571,36874,183743,227383,39121,185368,215437,31666,177116,225538,39834,180165,226089,40229,180545,303107,58788,237407,307033,62409,240280,226009,50891,170281,227289,41727,182574,225697,47859,173047,227543,48207,177578,259939,46146,204367,138799,24501,114298,134695,20493,114202,534732,403322,81546,33369,6956,8807,463,31108,6087,4070,641,0,767820,507011,181691,53032,18714,14227,1617,0,0,538131,403198,84805,33620,6808,8982,338,0,0,0,0,0,769676,504553,184073,54767,18297,15442,1596,42230,13861,4494,603,1188,18669,749874,521323,158943,47907,13964,13975,900,0,0,559395,412156,98012,32554,9526,9826,599,0,0,582815,389920,123131,31559,10164,4672,243,1695,21431,767021,482264,188386,53843,18454,31388,1505,582815,389920,123131,36750,12570,22939,987
22,14,270138,108182,156265,270964,107661,157785,233400,88117,139744,235580,94621,137376,234011,90740,141616,234156,92995,134460,234651,93646,134555,326999,128234,190475,331236,136800,189309,237741,96085,136729,238359,87741,146853,237162,97709,133949,238786,100287,136687,257005,96109,149749,131844,46562,85282,126805,40049,86756,499545,281754,109335,76580,27022,3763,98,74662,25475,1373,1329,0,730319,364103,200790,113320,53002,9170,841,0,0,511830,283366,113800,79512,29753,4099,101,0,0,0,0,0,745093,366071,203133,117318,58117,9577,616,105167,50496,2116,140,1097,16880,636203,345991,158655,92372,38465,7201,890,0,0,463690,268709,102314,63944,26592,5047,537,0,0,573240,283720,145930,83172,39850,1670,344,2134,16420,767045,354924,215340,126985,60810,19763,1473,573240,283720,145930,89947,43596,14547,1004
8,15,166667,98779,64699,169372,102664,63455,133924,71730,55365,138712,78444,58581,137076,74461,59459,135025,77046,55390,135247,73563,57904,203014,111173,84628,211020,120422,88490,144446,91674,49807,145910,85160,59049,144344,93614,47496,146605,96025,49731,168801,109614,52259,73841,44126,29715,69450,39982,29468,399501,49826,341943,2091,4586,940,56,1997,4437,564,38,0,755560,60179,680217,5550,10583,3571,346,0,0,407022,49417,349540,2104,4785,907,283,0,0,0,0,0,758069,58476,683609,5891,10656,3430,517,3437,8819,705,296,1576,1147,699005,68547,617788,5537,9413,3930,407,0,0,467078,58637,399459,3132,6479,2594,255,0,0,546556,50854,482011,2459,7273,483,78,1031,2367,767104,59587,689556,7013,11282,11361,473,546556,50854,482011,4360,8499,8428,304
3,16,195345,130151,59555,206211,139757,60217,149485,89452,52804,154115,97802,53732,151153,95379,55534,150900,94219,52082,150795,91419,53475,238568,151360,74080,245333,163857,77673,183616,124731,53323,185803,123235,59110,183469,126473,50663,188441,139340,48003,198269,134337,52350,73098,44643,28455,69759,39542,30217,462130,76777,355535,19670,5955,2638,657,18556,5132,1595,962,0,746673,96858,605485,35567,14888,9419,2236,0,0,474406,76474,368055,19516,6048,2641,733,0,0,0,0,0,757316,95759,616060,36362,16484,9289,2048,23528,9231,2083,1176,472,9008,712143,102068,573812,28784,12020,7992,1783,0,0,503160,83586,393168,18666,8549,5511,1105,0,0,575866,78696,458660,18595,8835,1683,1068,1453,6876,767321,94812,621812,37116,17983,18677,3029,575866,78696,458660,25242,13123,14254,1957
36,17,261484,69712,186564,262174,71509,185545,229221,52653,172470,232165,56733,172408,195915,47176,146300,229970,56413,167382,230710,56791,168548,307396,83080,217369,310154,89053,216273,234222,68637,160685,235354,59805,172258,233630,66742,161592,235701,69397,164601,257979,64679,181611,139616,31736,107881,135160,27089,108071,549270,376599,69528,87786,9572,4767,499,85625,8569,1757,774,0,752452,459915,146425,120263,22973,9128,1439,0,0,555604,378270,73211,88142,10202,4959,428,0,0,0,0,0,759450,458772,150464,122035,23284,8590,1119,111101,19962,1641,536,1289,15694,701501,451914,119190,110922,16989,7178,735,0,0,550350,371192,79590,83242,13421,5346,518,0,0,610146,373400,112413,85971,17903,1744,316,1939,16460,767438,449273,159843,119277,25588,18873,1252,610146,373400,112413,91652,20595,14286,858
17,18,175968,125131,47540,182123,130396,48575,138074,92812,41173,139799,98130,39684,139219,96367,40663,138645,96026,39163,138919,95418,39424,218954,150515,62154,223457,159194,61671,157873,114788,41016,158015,109836,46240,157696,115948,39117,157772,117655,39156,179438,129527,43955,87153,61312,25841,83788,56912,26877,420410,85019,131604,185649,15237,2691,399,183380,14632,683,934,0,752072,106804,355680,267836,27702,7199,1819,0,0,433887,84919,142834,186256,16346,2571,442,0,0,0,0,0,764947,107316,364410,268489,30997,8793,2135,250953,26406,960,981,1494,12419,633467,104861,269238,240153,23361,7664,1592,0,0,438117,85673,168965,167348,17427,4980,1012,0,0,545713,79302,243721,188794,20343,896,946,2114,9597,766852,98025,365543,275844,29855,20871,2394,545713,79302,243721,199020,22987,14767,1678
1,19,238220,55535,178219,243260,58711,179842,199334,39179,155308,202094,42712,156815,197076,9289,158741,200333,43190,152211,200738,43166,152261,285069,66061,211641,288798,72060,212569,216230,60899,149800,217280,49994,163532,215923,56620,154296,218016,58096,158338,245594,54535,179968,124174,21397,102777,119879,18368,101511,528515,316754,172891,27381,5634,5127,586,25324,4776,1951,774,0,761970,400668,300285,46244,14612,13199,1953,0,0,533563,316526,177421,28043,5703,5275,475,0,0,0,0,0,766313,398171,304870,47421,15293,12734,1743,35392,10694,2335,589,651,13614,724917,411845,258915,41547,10810,9552,910,0,0,538063,330922,167848,28053,8129,6731,633,0,0,576285,311677,204813,30829,11083,2681,239,1452,13511,767292,387348,301044,51451,17558,20729,1311,576285,311677,204813,35624,13284,15667,810
9,20,190683,131234,55004,196553,134982,57042,150716,97620,46268,155565,107566,45487,149340,104986,44252,152387,104023,43836,151952,101637,44511,232047,152082,72906,238325,165031,69727,171773,118274,49690,172466,112788,56805,171539,121597,45614,173749,125852,46394,194967,132907,52397,97208,64062,33145,93219,56383,36837,532047,110408,371827,40573,6015,2457,353,38933,5180,948,749,0,820478,130866,616964,63709,13535,12518,1314,0,0,548004,113557,383541,41030,6267,2587,387,0,0,0,0,0,836687,134469,626241,65134,15435,13082,1673,52476,10931,1009,584,1396,9570,754738,127550,563693,58111,10779,11955,1615,0,0,549051,111023,389821,41122,8100,8527,1102,0,0,580595,107106,413501,38922,9056,1275,453,1949,8333,767604,123341,566390,64788,17118,21958,2199,580595,107106,413501,46634,12804,16887,1461
11,21,317456,124311,185650,311536,119733,184477,288605,104287,177096,293179,116266,172631,286747,109899,174960,290297,114097,167680,290777,113011,169065,377294,143521,224631,381752,158315,217542,273715,104765,162778,274620,94951,174854,273061,108081,158010,275156,112548,160109,289156,101097,171399,155261,47951,107310,150622,38307,112315,501594,290048,159808,31555,15046,3632,444,29437,12696,729,1372,0,702194,367173,254713,50772,31785,8849,2473,0,0,515703,293981,166895,34071,15938,3582,470,0,0,0,0,0,717866,368571,264738,53235,32867,9300,2362,40053,23049,693,557,2614,17597,584324,333720,194279,34017,22974,7488,1712,0,0,433644,263392,130233,22891,15708,5246,1085,0,0,585370,308904,198786,31983,21894,1646,889,2435,18833,766659,379229,282295,57574,41251,22360,3291,585370,308904,198786,40089,28790,16621,2212
25,22,221328,121289,95771,227661,125685,97823,179045,89031,86047,182391,96919,82744,179992,91722,86098,179888,94349,81008,180471,94843,81127,273116,144876,122150,282515,158408,120290,199453,111360,84818,200007,104019,93226,199161,113381,82062,200286,117034,81921,211552,116303,86923,100177,43556,56621,97270,38610,58660,423697,139062,89920,91645,100290,2349,88,90394,98208,1235,707,0,753839,190286,218554,156200,193197,5555,1180,0,0,431922,133846,99475,93772,102310,1834,37,0,0,0,0,0,756401,181467,222060,161235,198629,7155,836,148487,185739,1199,222,1768,15458,619488,170792,183602,128459,140750,6490,1120,0,0,439852,131117,120479,86154,103541,4272,765,0,0,565318,135376,154390,106687,152734,700,211,3337,11883,767467,171468,220515,163439,211306,14146,1309,565318,135376,154390,114934,158213,10023,896
10,23,237492,134608,96705,234997,131387,97291,205764,111243,86891,210743,121973,85662,205142,118198,85167,207703,118351,83557,207615,115596,84383,291306,159599,122648,297962,172974,119940,201526,112042,84370,202003,105359,92801,201317,115952,79410,203186,121018,80138,216167,113758,88748,98457,47344,51114,94783,40448,54334,466951,155361,242835,47822,14938,3604,763,45517,12461,1367,1948,0,690998,198361,386299,75818,36379,11226,3714,0,0,473734,154583,248765,48845,15413,3692,721,0,0,0,0,0,695051,194232,390526,79068,38578,12539,3832,60618,27826,1597,791,1275,18192,578063,188006,307098,62533,26311,8719,2216,0,0,416198,151807,204605,41593,18883,5926,1396,0,0,568379,166837,303022,53106,24372,1483,1049,2406,16104,767068,202432,432338,92910,44841,23431,3923,568379,166837,303022,64294,32240,17305,2543
28,24,302583,109707,185554,299857,106625,186203,273214,92317,174445,275748,101348,170397,272844,85097,176735,273944,99665,163978,274746,101948,164824,360106,127433,223263,362437,140188,216197,265847,95060,164237,266753,85377,176325,265238,97077,161293,267607,102931,162381,280052,87180,177539,148499,42855,105644,143429,35174,108255,491766,355692,63683,35257,29447,5918,788,33584,26669,2720,1173,0,726484,465189,131404,64269,59991,11878,3202,0,0,502492,357220,68516,38611,30267,5850,863,0,0,0,0,0,736874,461213,138803,68960,60714,11575,2966,56192,51964,2919,1988,2107,21687,611993,429369,100062,39458,37968,8155,3160,0,0,441419,324462,61751,25089,25636,5488,1882,0,0,571993,357622,98059,43913,44719,2223,1897,2262,21298,767261,453080,148102,76592,71075,23196,4550,571993,357622,98059,50614,50080,16683,2968
4,25,306147,55330,245401,300552,55027,240410,282543,43959,233660,285426,47825,233933,112950,12402,92474,283409,48624,226579,284076,49682,227582,354891,63877,283175,358846,69233,284640,268995,56095,207223,269993,45242,221128,267834,54184,207642,269613,54370,213170,292892,49686,232346,163425,28362,135064,158441,22651,135789,555556,435703,89333,18641,4664,6635,312,17340,3670,2482,391,0,747543,539435,162319,29758,9759,14451,1208,0,0,563444,439759,92248,18663,4646,7406,261,0,0,0,0,0,757585,543216,166349,30445,9651,13747,1017,22726,6708,2487,449,1327,14315,705283,527389,140730,25279,7110,9600,877,0,0,541325,424046,90419,17047,4999,7040,607,0,0,599601,440577,111900,17088,5506,2728,420,1732,19650,766795,536827,166556,31793,11564,24475,1816,599601,440577,111900,21424,8093,18430,1197
29,26,291078,125525,158556,283550,120305,156346,267649,107660,153269,271511,118983,148891,261943,56870,157076,269045,116623,142950,269962,117809,144336,353446,147671,196605,358346,163300,189048,246625,105928,134347,247798,96593,146173,246253,107684,131679,249018,114647,132358,249000,92103,141961,114979,38112,76867,110994,31869,79125,456560,317970,57819,44607,30298,4826,293,42409,28044,2033,997,0,700112,428267,117081,73256,79434,9820,1474,0,0,479804,324415,61573,51089,36704,5060,329,0,0,0,0,0,737654,436409,122278,82754,94679,10881,1541,68231,80447,2686,415,1834,25354,509819,345558,81283,45102,34856,7286,985,0,0,360521,254007,50597,29761,23204,4784,634,0,0,557735,321501,87049,55308,67932,2161,409,2282,21093,767288,417014,130671,92418,111662,21822,1836,557735,321501,87049,62508,73899,15112,1164
16,27,270752,74034,192529,268353,74928,189452,241095,55570,180827,244120,60817,180309,241626,58189,181082,241714,61005,175419,242362,60746,176591,318532,87835,224478,324189,93611,226600,237263,69193,163966,238671,60274,175746,236688,69853,162114,238961,70213,167202,263109,72711,181689,146229,38943,107285,141254,32311,108942,515377,289835,173992,40696,6677,3960,284,39335,6083,1097,420,0,738425,360839,300950,60619,16412,9508,902,0,0,530038,293498,181829,41097,9372,4116,334,0,0,0,0,0,758074,363719,310235,63079,20983,10619,818,51592,18256,932,378,884,12081,670660,348720,259775,53636,8297,7081,713,0,0,500201,283074,171576,37924,5699,5006,466,0,0,578804,296546,211652,39742,15010,1458,167,1813,12416,766903,363845,305693,63168,25700,17536,1149,578804,296546,211652,44222,17176,13016,724
5,28,171411,93847,74417,173540,98796,71812,133607,64050,61351,145974,73660,69718,141740,76859,61742,135800,70670,61986,136231,66634,64639,204735,104375,93439,217308,109946,105277,147307,89407,54840,149959,83654,64762,147049,91010,52088,151874,93702,57094,177117,111510,60198,83915,50175,33740,77437,44523,32914,420299,61325,352371,3313,1428,1710,138,3060,1330,726,110,0,781995,76644,694572,6509,4043,4625,410,0,0,427971,60735,360500,3722,1441,1597,24,0,0,0,0,0,786563,74997,700573,7554,3738,5086,218,4347,3143,1303,28,280,1894,725504,79667,636888,5613,4055,4903,367,0,0,485002,63468,414625,3841,2933,3285,238,0,0,542742,61933,469523,3471,2236,1069,88,930,3492,767048,75918,676364,7070,4299,11131,591,542742,61933,469523,5183,3118,8212,401
18,29,176229,121205,51027,184596,127654,52992,138890,89225,44011,141402,97550,41419,140468,97279,41703,139860,95501,40452,140153,94663,41130,213761,138173,69096,219486,148609,67680,165901,117623,45219,166243,111940,51537,165619,119341,42732,166603,122925,42388,179186,124706,45833,81195,52986,28210,77118,47349,29769,421648,112850,234480,57417,14936,1853,133,55945,13801,627,349,0,784144,128967,550092,81189,26935,6773,642,0,0,431635,113195,243675,55888,16744,2097,119,0,0,0,0,0,780256,128636,545467,79023,29807,7671,532,71452,25263,777,121,1269,7277,749507,131847,516733,84718,20253,9473,1014,0,0,534842,117864,339672,62759,15756,6534,696,0,0,579668,119830,365978,60552,21826,889,201,1790,8602,766987,134113,514079,88262,31125,21471,1229,579668,119830,365978,67097,25137,16112,854
30,30,206722,167911,35040,217940,176923,36924,162482,126044,30954,163752,132494,29182,162261,128539,28645,162827,130081,27775,163176,129942,27855,254561,199315,48116,255830,208317,44228,196649,160703,32041,197469,154362,38886,196593,161816,30345,198545,167771,29626,208511,169991,32447,107764,88870,18894,103982,83781,20201,456406,111773,109645,224269,7702,2818,116,221616,6614,1017,854,0,767247,125929,323603,307939,12529,6116,425,0,0,468981,115570,117352,224147,8743,2871,160,0,0,0,0,0,773327,129775,322353,309217,14994,6947,694,295700,11546,1069,166,1368,11357,689448,112688,275962,293856,9569,7845,787,0,0,496560,102821,173910,212366,7622,5487,520,0,0,579792,115044,221322,217974,10441,1427,159,1861,11564,766390,124642,325341,300392,15592,21112,975,579792,115044,221322,227382,13278,15603,722
7,31,220558,82109,133406,220699,83555,132276,190781,62068,124203,193363,66659,123972,87950,26646,61269,191334,65870,119536,191882,65531,120901,267395,100902,159259,270744,107545,158036,193143,74555,114141,193884,67413,123516,192767,74743,113313,193870,76900,115415,211401,75472,124851,106400,33124,73276,103226,29416,73810,508315,294168,95315,97817,11321,6294,1814,93952,9239,1508,2324,0,727847,373329,179363,157171,24276,13579,5910,0,0,516811,295794,99159,100004,11629,6436,1893,0,0,0,0,0,738179,372340,185019,160535,25257,13314,6066,131855,15563,1930,2848,1208,27404,673976,372952,146130,135959,19873,10276,5049,0,0,491909,294671,91083,89643,13967,6870,3001,0,0,572673,300576,126234,100170,14834,2325,3249,2453,22832,766723,371331,191342,167605,28597,24102,8092,572673,300576,126234,114143,20608,17384,4951
32,32,230060,129089,95871,239512,132783,101326,189813,99060,84871,191646,108054,80806,189031,105916,80537,190274,106634,76526,190867,107363,77471,275959,150049,118362,276920,160548,112065,217888,121593,91352,219120,112893,101614,217812,123707,88473,220200,129553,88836,228692,119745,98668,122111,56656,65455,117519,48827,68691,447318,228066,94221,88628,31717,4194,122,85668,30059,1577,1186,0,752772,272735,271928,145379,63818,9439,1518,0,0,450530,220304,101514,90293,33505,4204,143,0,0,0,0,0,754245,264177,278138,147953,64687,10467,1640,132704,56580,1756,176,2160,18559,697039,300313,225784,120739,49816,9797,1113,0,0,503402,246549,139161,78964,36631,6567,699,0,0,573662,218224,192679,96545,47068,1742,273,1989,15142,766931,258872,287399,147047,66607,23031,1442,573662,218224,192679,103606,50980,17067,1011
27,33,186678,118788,63790,194707,123854,66617,148837,89689,54500,150700,95265,53350,99572,65199,33214,149362,93438,50976,149789,93990,51250,228889,142040,80232,231489,150371,77542,174068,111269,58753,174754,106680,64868,173717,112525,57096,175427,116815,57244,187878,114870,64311,103753,62435,41318,99702,56384,43318,432792,163985,122183,125674,16705,3289,668,123141,15402,1163,937,0,742548,197245,320826,190142,35408,7313,1661,0,0,449031,165839,130714,129507,18211,3535,594,0,0,0,0,0,758431,200153,324558,197284,39431,8450,1652,179588,33649,1192,978,1352,16962,678320,203884,277872,167039,31160,9050,1355,0,0,479676,171043,171118,113521,23178,6294,855,0,0,565546,161195,220869,137508,28240,1700,512,1812,13710,766600,187104,330160,205067,41504,20222,1933,565546,161195,220869,146577,31801,15026,1236
6,34,185769,101397,80697,188441,104015,80660,151353,74521,69889,155918,80797,72803,154769,78678,73642,153054,80101,69417,153294,76736,71897,224408,116952,100644,231158,123960,104124,161785,91847,65836,164006,83112,78632,161781,93277,63802,164603,97126,66271,189069,109844,71353,92241,49483,42758,86943,43516,43427,473589,101882,352919,11609,4935,1757,210,11191,4438,858,283,0,780527,126014,624658,18280,12155,4600,664,0,0,479645,100524,359291,12014,5371,1934,305,0,0,0,0,0,779103,123317,624924,18829,12082,4472,800,15314,9487,1028,308,429,4291,736123,136110,572359,19349,10360,6070,811,0,0,513402,112519,380039,13058,7588,4269,529,0,0,561461,105223,427177,11980,8322,1053,253,1420,6033,767278,125692,604453,21685,14024,13657,1056,561461,105223,427177,15349,10555,10410,738
12,35,227404,153124,68016,226268,151577,68161,202972,130788,64400,207101,141891,61695,202792,137452,63962,204095,139036,58557,204642,137150,59930,276425,180613,86694,281435,190606,84767,201804,137763,57621,202707,132519,65222,201443,139178,55522,203783,145725,56017,194723,121100,60995,100612,62989,37623,94702,55662,39040,446285,202908,162935,60242,15372,4143,194,57809,13537,1044,1135,0,705457,243085,343900,93543,30821,13180,1242,0,0,467841,209250,175302,60191,17646,4267,121,0,0,0,0,0,723256,247083,350636,95977,33101,14530,1116,79605,26026,1231,140,2858,15673,563446,198476,269379,78689,19793,10345,1146,0,0,407022,165238,172480,54565,14623,7068,745,0,0,582754,217619,254735,61843,25371,1502,412,2481,18791,767011,255524,368855,96133,42670,24639,4206,582754,217619,254735,71001,33149,18657,3672
21,36,242925,78101,159886,246028,79239,162062,205343,60442,140432,207339,65907,138306,206070,62790,143280,206251,64790,135906,206681,65474,135927,291756,91650,192783,295764,98355,193280,216585,72286,140411,216987,64718,149203,216115,73417,138187,217088,74704,140808,242227,73650,158670,128058,35220,92837,123448,29432,94016,476628,296765,115776,46303,12797,4280,59,44202,11826,1413,886,0,730435,378550,255046,70618,25097,8576,1307,0,0,478163,294130,120284,46043,12984,4249,39,0,0,0,0,0,733192,373561,263972,70767,24131,8079,1096,57632,18895,1688,46,917,16478,661390,387151,190712,58982,22746,7555,1186,0,0,479657,301864,118648,40197,16371,5309,747,0,0,569184,298627,185964,46227,17802,1705,239,2411,16209,767034,371108,281713,74199,28151,22465,1343,569184,298627,185964,52222,20982,16386,910
14,37,340694,245802,84952,349776,247227,91450,295822,206330,81267,302793,225918,72090,293824,217904,69431,297595,222880,65347,299227,222432,68057,390836,270783,110278,396501,289317,98326,326636,233839,81808,327886,220139,98023,326122,237085,78245,331372,249512,78211,326886,216307,85470,186918,121660,65257,176501,105573,70928,533848,357334,105273,30194,35318,4155,219,28142,30789,1261,1551,0,748642,434497,188693,46770,78220,9308,1451,0,0,548084,358137,113459,32663,37112,4509,174,0,0,0,0,0,761623,434290,193319,49162,83865,10453,2806,38350,67308,1405,171,1805,24977,654380,399812,160808,36427,56609,9034,1262,0,0,518436,334567,112932,26004,42835,6699,936,0,0,621668,360590,140454,29825,63647,1323,337,3111,22381,766944,424535,187346,49073,95134,19485,2042,621668,360590,140454,37766,72398,15278,1427
23,38,267841,106224,155886,267553,105494,156639,232770,85070,142736,235087,93364,138318,233707,87603,142223,233710,91339,136239,234309,92474,136372,326473,127564,190910,330230,137800,187788,233569,93898,135703,233880,85466,145155,233151,94780,133711,233902,97620,134583,249156,89756,147565,126513,36123,90389,122178,30422,91757,460608,249992,97924,66312,42122,2964,171,65087,40484,1015,1263,0,718755,331563,205004,105093,79180,6402,1311,0,0,475588,248320,109075,70711,43479,2647,183,0,0,0,0,0,743832,325819,222418,116492,81678,8226,1369,102838,72243,1169,328,2626,16390,580867,306439,150888,70734,53323,6410,966,0,0,412043,232361,94947,46464,37332,4121,621,0,0,562136,251330,157506,74328,58874,1161,295,2539,16103,767190,318868,233322,120674,87708,20636,1683,562136,251330,157506,82305,63506,14738,1125