ID,Label,Total_2016-2020_Comp,Dem_2016-2020_Comp,Rep_2016-2020_Comp,Total_2020_Pres,Dem_2020_Pres,Rep_2020_Pres,Total_2018_AG,Dem_2018_AG,Rep_2018_AG,Total_2018_Gov,Dem_2018_Gov,Rep_2018_Gov,Total_2016_Pres,Dem_2016_Pres,Rep_2016_Pres,Total_2019_CVAP,White_2019_CVAP,Hispanic_2019_CVAP,Black_2019_CVAP,Asian_2019_CVAP,Native_2019_CVAP,Pacific_2019_CVAP,BlackAlone_2019_CVAP,AsianAlone_2019_CVAP,NativeAlone_2019_CVAP,OtherAlone_2019_CVAP,TwoOrMore_2019_CVAP,Total_2019_Total,White_2019_Total,Hispanic_2019_Total,Black_2019_Total,Asian_2019_Total,Native_2019_Total,Pacific_2019_Total,BlackAlone_2019_Total,NativeAlone_2019_Total,Total_2020_CVAP,White_2020_CVAP,Hispanic_2020_CVAP,Black_2020_CVAP,Asian_2020_CVAP,Native_2020_CVAP,Pacific_2020_CVAP,BlackAlone_2020_CVAP,AsianAlone_2020_CVAP,NativeAlone_2020_CVAP,PacificAlone_2020_CVAP,OtherAlone_2020_CVAP,Total_2020_ACSTot,White_2020_ACSTot,Hispanic_2020_ACSTot,Black_2020_ACSTot,Asian_2020_ACSTot,Native_2020_ACSTot,Pacific_2020_ACSTot,BlackAlone_2020_ACSTot,AsianAlone_2020_ACSTot,NativeAlone_2020_ACSTot,PacificAlone_2020_ACSTot,OtherAlone_2020_ACSTot,TwoOrMore_2020_ACSTot,Total_2010_Total,White_2010_Total,Hispanic_2010_Total,Black_2010_Total,Asian_2010_Total,Native_2010_Total,Pacific_2010_Total,BlackAlone_2010_Total,NativeAlone_2010_Total,Total_2010_VAP,White_2010_VAP,Hispanic_2010_VAP,Black_2010_VAP,Asian_2010_VAP,Native_2010_VAP,Pacific_2010_VAP,BlackAlone_2010_VAP,NativeAlone_2010_VAP,Total_2020_NHVAP,White_2020_NHVAP,Hispanic_2020_NHVAP,BlackAlone_2020_NHVAP,AsianAlone_2020_NHVAP,NativeAlone_2020_NHVAP,PacificAlone_2020_NHVAP,OtherAlone_2020_NHVAP,TwoOrMore_2020_NHVAP,Total_2020_Total,White_2020_Total,Hispanic_2020_Total,Black_2020_Total,Asian_2020_Total,Native_2020_Total,Pacific_2020_Total,Total_2020_VAP,White_2020_VAP,Hispanic_2020_VAP,Black_2020_VAP,Asian_2020_VAP,Native_2020_VAP,Pacific_2020_VAP,Total_2020_TotalAdj,White_2020_TotalAdj,Hispanic_2020_TotalAdj,Black_2020_TotalAdj,Asian_2020_TotalAdj,Native_2020_TotalAdj,Pacific_2020_TotalAdj
0,Un,0,0,0,0,0,0,0,0,0,0,0,0,0,0,0,0,0,0,0,0,0,0,0,0,0,0,0,0,0,0,0,0,0,0,0,0,0,0,0,0,0,0,0,0,0,0,0,0,0,0,0,0,0,0,0,0,0,0,0,0,0,0,0,0,0,0,0,0,0,0,0,0,0,0,0,0,0,0,0,0,0,0,0,0,0,0,0,0,0,0,0,0,0,0,0,0,0,0,0,0,0,0,0,0,0,0,0,0,0
1,1,299504,112923,180458,355445,139409,207418,271547,105563,165984,275925,101061,174864,304737,108393,175301,557927,420570,78024,12736,24847,18618,1158,10674,22047,8599,2314,0,762660,517324,153220,21971,47209,33770,5385,0,0,558496,417194,80735,13006,25774,18431,1134,0,0,0,0,0,761377,510435,156170,22042,48779,33120,5388,13046,37725,10624,1676,1116,30585,760310,540232,134796,18698,40159,35656,3853,0,0,583745,438877,85060,12103,27392,23920,2435,0,0,596033,396603,112172,9831,31041,10472,1480,3229,31205,764585,479967,166020,22251,52535,50824,5573,596033,396603,112172,14813,37957,35820,3772,760034,480448,162825,20278,52052,49445,5246
2,2,362147,261449,92246,422622,310585,101685,332396,243119,89277,337868,243193,94675,363155,250256,85135,561305,442215,62529,11839,24377,17371,1026,8893,19564,10083,2444,0,761896,534165,139727,19723,44080,31408,4886,0,0,560470,438875,63995,11925,25479,17006,1045,0,0,0,0,0,758445,526158,140788,19958,45763,31938,4827,10224,29170,12219,1398,4294,34194,741201,538705,126063,16154,36636,32040,3639,0,0,584577,445941,83951,11016,25924,21631,2468,0,0,614940,422782,108553,10228,26654,11059,1304,4171,30189,765497,498935,155058,21206,49156,46716,5130,614940,422782,108553,15519,36098,32989,3636,759815,497979,152796,19003,48956,44578,4980
9,3,354756,161364,185613,433485,208411,214344,323848,148119,175729,327740,144847,182893,339541,144921,170228,548805,429596,58935,12153,34909,10084,1127,9941,29958,3883,2152,0,738041,534636,104996,20405,66989,19061,4744,0,0,555965,430085,63564,12640,36100,10238,1263,0,0,0,0,0,746297,531451,110305,21905,71342,20487,5312,12312,53508,4757,1277,1482,31205,689191,521870,90502,16375,48614,17821,3606,0,0,528335,415862,58270,11230,32784,12226,2314,0,0,599188,425155,78994,10800,44771,5034,1381,3128,29925,764331,516500,116507,22932,80365,30241,6227,599188,425155,78994,15727,55853,21576,4090,759791,516182,114616,20598,79635,29922,5987
3,4,313112,206181,99980,373800,251595,113128,282107,187284,94823,285829,184955,100874,315209,201404,91809,527336,348135,105324,18076,43432,8228,1575,15583,37857,3753,2986,0,757316,414362,226273,30666,77891,20035,6447,0,0,533899,347859,109716,18286,45493,8111,1492,0,0,0,0,0,758119,411112,225205,31876,81522,19392,6587,20587,61694,4566,2440,3187,29328,728968,427958,201528,26842,64881,19473,5611,0,0,563872,357808,130502,18025,49445,13263,3763,0,0,603941,331875,166990,16073,52096,3999,2390,3441,27077,758656,385274,239614,31688,82571,32966,7298,603941,331875,166990,22728,64044,24313,5129,760290,385903,240225,32227,82486,32371,7204
10,5,321579,123992,191856,390246,155712,225958,290962,113896,177066,295982,111069,184913,315603,116465,180115,540970,383662,104259,12705,26410,10743,1756,11167,23082,4580,1693,0,758553,471235,204362,19739,51412,32210,5376,0,0,548312,383187,107925,14034,29476,10864,1474,0,0,0,0,0,765204,467133,207883,22026,55581,34503,5226,15404,41033,5423,2278,1748,24314,733667,486216,175182,18510,39733,21707,4606,0,0,557290,392879,111625,12916,27338,15252,3092,0,0,601159,373837,146591,12060,31737,5300,1799,3139,26696,771776,448875,215921,22697,57012,35873,6428,601159,373837,146591,16213,40602,26284,4556,759957,445520,211498,19393,56244,35432,6008
7,6,243182,168553,69608,308426,213479,87230,214755,151687,63068,216971,148578,68393,235368,160589,59606,482362,217098,104268,69320,76989,6610,5274,62880,71592,2559,3969,0,731944,274665,209703,108856,136039,17377,15044,0,0,489901,216470,109002,70343,78958,6790,5121,0,0,0,0,0,735211,270323,211225,109242,144630,18369,14571,81948,118962,2816,8098,3603,38236,677786,270056,184309,102391,118960,20393,13296,0,0,502624,224366,118202,67492,85611,13723,8830,0,0,578923,221050,151503,63744,97774,3126,7760,3535,30431,757339,261228,219375,112250,153864,31207,17073,578923,221050,151503,78841,113477,22629,12094,760061,261723,219827,110481,152020,29791,16457
8,7,292924,162940,123535,366721,210052,147509,260665,145568,115097,264158,142498,121660,282925,153753,110121,505624,279855,79454,49520,80694,6764,5300,44273,74284,1884,4907,0,723859,351037,143640,80921,144566,16127,13947,0,0,511615,278700,82013,50610,83976,6720,5538,0,0,0,0,0,733830,347732,147827,84303,151142,15944,14546,58930,125062,1778,8526,1724,42251,674848,358577,123934,73303,116087,16072,11167,0,0,501380,289680,77577,46455,80980,10717,7588,0,0,581549,278886,105381,45609,106885,2658,6172,3451,32507,757360,334703,155124,83120,171308,26986,14773,581549,278886,105381,57441,123575,19708,10438,759914,335427,155597,82055,169406,26114,14322
11,8,265338,196538,63896,334041,248757,78027,229117,170155,58962,234445,171363,63082,266803,196079,55904,497046,193816,108175,87420,93235,6585,3567,81746,86924,1688,5764,0,749420,229659,241534,125373,156522,16156,10387,0,0,501157,190160,114696,87248,94421,6392,3574,0,0,0,0,0,750123,222781,246520,124736,159460,16404,12241,99768,128380,2151,5201,4414,40909,696155,230146,202832,128876,136125,14524,10742,0,0,528342,196228,132709,91952,103420,10066,6917,0,0,599968,182413,180298,83251,114755,1872,4370,4313,28696,765071,209815,256892,128196,166753,28539,12698,599968,182413,180298,96818,131409,21146,8900,760281,208895,255192,125010,165343,27666,12208
14,9,214816,124260,86710,277607,162858,108645,184437,106981,77456,187273,104757,82516,212765,122579,78397,452122,179622,147187,42016,71006,5948,3165,38634,66986,1543,4075,0,725515,221403,302742,69276,137852,39113,10833,0,0,457894,175068,153247,43218,72932,6282,3417,0,0,0,0,0,731276,214284,307650,70931,143369,36403,12123,52806,116193,1943,4894,1815,31692,666947,230843,259683,65269,116681,16657,8804,0,0,471934,187232,161757,41384,79551,10849,5588,0,0,559962,166840,215349,44870,101249,2594,4561,2954,21545,761697,199203,321534,78661,161613,31071,12343,559962,166840,215349,54113,115603,22121,8454,759790,198379,320965,76566,158946,30822,11599
13,10,320206,209470,104422,400292,272813,119248,278842,178668,100174,287437,181960,105477,316290,204513,93082,500574,300324,72842,36193,81507,4060,2192,33295,72291,1068,3974,0,738233,382648,138811,60982,156938,11608,8901,0,0,513145,298529,77881,37660,88379,4123,2250,0,0,0,0,0,746908,373439,140945,64429,170181,12264,9154,47372,138797,1354,3510,2119,39372,676044,383183,128081,48673,115486,9918,6132,0,0,505356,305441,84208,32131,80168,6655,3881,0,0,583564,287257,108745,36219,117287,1480,2605,3287,26684,760063,346577,156264,63512,186177,19383,8685,583564,287257,108745,44346,133240,14053,5800,759979,346509,155951,63224,185206,19147,8431
4,11,352238,305037,40739,395335,341122,46424,321094,279818,41276,328523,285534,42989,364796,313594,32431,570750,285525,61410,33268,182016,3704,1523,30538,171328,1238,3702,0,755095,341333,101299,46662,265021,8486,5664,0,0,568640,281865,61504,33754,182531,3493,1618,0,0,0,0,0,753734,334717,100578,49491,267832,9291,5541,36492,232847,1571,2221,4488,40820,692220,325416,91340,47670,227603,9371,4622,0,0,607235,297548,74640,38886,194223,7748,3516,0,0,665588,297721,87323,33392,209496,1289,1972,4805,29590,758934,329081,106037,50977,264679,15488,5691,665588,297721,87323,42660,228793,12860,4509,759793,329204,106203,50684,263935,14493,5559
12,12,323209,290787,26240,371664,333075,30914,294440,268718,25722,299650,271918,27732,329850,289657,20842,511073,218060,73097,101446,107407,4038,2982,95623,98734,1796,5054,0,737647,262947,160194,145571,173058,14893,8618,0,0,514618,220540,74831,98885,109116,3908,3138,0,0,0,0,0,739116,263079,158410,142842,177067,15939,8156,117966,148769,2082,4042,4036,40731,681752,240801,138866,149737,155500,13262,5911,0,0,546493,209907,95996,114408,125206,9611,3993,0,0,620561,223959,129410,95125,132208,1593,2787,4187,31292,757951,255974,176463,138940,183283,25229,8002,620561,223959,129410,110797,149824,18868,5628,759477,256041,176694,138722,182850,22763,7800
19,13,185600,102671,79608,239629,133123,101074,159498,90028,69470,161826,87193,74633,185273,100978,73724,406123,153938,195529,20810,28161,4795,1358,19442,26536,2198,1737,0,745254,194697,458203,34837,57385,16007,4162,0,0,414328,151610,205653,20430,29336,4277,1631,0,0,0,0,0,750304,190145,466412,33812,59427,16729,4200,24782,49298,2465,1849,1675,13665,700513,211890,402793,34145,52185,17701,4479,0,0,480212,170917,249179,21500,35469,11709,2895,0,0,541461,145131,317954,17685,40509,2681,1541,2486,13474,761944,175189,481884,34900,64662,39010,5349,541461,145131,317954,23043,47118,26988,3477,760844,174665,481324,35787,65289,37810,5181
15,14,263041,187524,70403,330334,237506,85987,225682,160480,65202,231662,162797,68865,267038,189613,61878,480197,183051,96972,36219,151167,3347,5442,33680,144265,1870,4280,0,757380,225772,190262,54230,283928,9922,15513,0,0,483600,178315,100039,37134,154981,3242,5689,0,0,0,0,0,759099,215540,190299,55176,296110,10879,15658,44184,266351,2179,8092,2086,30368,680702,233785,179121,57023,207789,11162,14684,0,0,511063,193424,119647,38672,153564,7652,10126,0,0,591215,162411,140806,32699,221366,1264,7122,2875,22672,759440,189028,196172,53993,312594,20492,15646,591215,162411,140806,40502,237304,15533,11766,760095,189123,196425,53910,311927,20216,15451
6,15,294573,226324,63437,359265,277879,74507,260163,199743,60420,265421,200696,64725,295363,226755,54277,504145,196068,93502,17296,185736,2085,5984,15380,179164,790,3561,0,763316,248626,183762,28380,300193,7748,14002,0,0,508375,193364,96830,16978,190437,2102,5475,0,0,0,0,0,763136,242622,183085,27870,307447,9342,13278,18273,275737,996,7889,3886,30648,714923,254112,178031,28873,250183,8280,13318,0,0,562318,212575,127785,21063,195682,5899,9212,0,0,611344,195662,138280,14650,230570,840,5826,4224,21292,758761,230281,184288,26491,307786,16419,12423,611344,195662,138280,20492,246252,12628,9338,759691,230459,184618,26787,306976,16010,12294
17,16,272046,192748,73948,342244,240196,94915,234732,166233,68499,238893,166760,72133,274052,197979,60412,486092,178688,132438,16338,150823,3407,1931,14668,144045,1121,2841,0,766496,221682,265923,28618,252525,13476,6972,0,0,490544,176097,134018,16919,155546,3267,1943,0,0,0,0,0,767988,216256,263344,30429,260789,14049,7556,19199,235981,1327,3107,1938,26838,721435,228000,262624,27583,205552,12959,6061,0,0,537146,188533,174930,19333,152989,8934,4022,0,0,592617,171600,188993,16195,192364,1262,2004,2648,17551,757403,201055,260727,28749,264550,24109,6530,592617,171600,188993,21448,205555,18066,4683,759289,201326,261814,29560,263629,22013,6273
16,17,239911,174973,60331,303931,219888,77935,204810,149372,55438,209211,150616,58595,243632,180072,49381,445900,146784,79283,18069,194186,2878,2481,16408,187259,1176,2482,0,758627,182505,151501,29987,393169,9066,8084,0,0,437815,142540,78687,17072,192056,2670,2177,0,0,0,0,0,756095,176129,147302,28797,402467,8702,8223,21954,376704,1391,3288,2338,26989,681469,193949,148178,25776,314637,9378,6674,0,0,525608,166573,101336,18218,237666,6461,4584,0,0,604586,141081,109409,14239,316055,943,2090,3048,17721,758742,160922,149412,25036,419969,15822,6550,604586,141081,109409,18907,329728,11763,4720,760004,161151,150045,25268,419063,15154,6377
18,18,255484,163482,87074,317028,208760,101259,225858,143541,82317,228613,141294,87319,254534,160902,77958,434407,222140,163180,12804,27623,4331,1653,11385,23503,1471,2797,0,751746,266711,412706,21038,52141,13511,5747,0,0,439440,217578,170448,13176,29152,4472,1629,0,0,0,0,0,747803,258757,413743,21723,54273,14668,6211,13249,37218,1443,1966,1251,20176,713287,271523,373082,21870,48341,16852,5163,0,0,521131,226894,241474,15328,35507,11536,3461,0,0,574059,212529,293477,10549,33097,1969,1956,2682,17800,763926,247629,430558,21332,58242,37727,6594,574059,212529,293477,15793,44205,26732,4651,760314,247055,429424,21506,58264,35258,6478
5,19,336954,259688,70249,387308,305824,72559,309161,236328,72833,314772,238343,76429,339502,258250,59502,484405,304105,51949,12453,106991,4132,2000,10287,99632,1217,3021,0,752832,386859,115569,20518,225643,10308,6211,0,0,488761,304335,55197,12602,107962,4224,2125,0,0,0,0,0,752649,383060,111821,21355,231077,10879,5870,12941,205924,1372,3069,2893,31567,709132,391774,109998,19970,181857,8692,6703,0,0,552834,325058,75479,14755,132396,6290,4575,0,0,609156,305889,88860,11190,171722,1010,2896,3402,24187,759058,359282,120719,20436,244213,15244,7049,609156,305889,88860,16017,185346,11726,5161,760124,359574,121193,20717,244011,15067,6987
22,20,258471,86840,167427,327598,116647,203742,227670,76139,151531,230566,76121,154445,254970,80091,161002,484374,293081,139322,16166,25845,8106,516,14558,22882,3632,1713,0,735011,373899,278349,28609,48234,17802,3815,0,0,492579,293764,145658,16457,26079,8583,505,0,0,0,0,0,743650,368955,287206,30478,50073,18508,3757,20482,36044,5261,852,2831,22012,692790,385322,236339,23834,39348,20374,2982,0,0,498563,301791,147250,14864,26600,13760,1806,0,0,561159,284944,200291,15693,30551,4928,893,2917,20942,764320,354557,305706,32306,53539,35855,3945,561159,284944,200291,20976,37696,25284,2535,759380,354046,302632,31266,53190,36270,3736
21,21,186878,105978,77822,240071,138882,96066,161890,92324,69566,164444,89681,74763,184694,103342,71276,433803,143146,216317,25872,40738,5892,723,23940,38991,2483,1470,0,744938,173609,453468,43711,76736,18064,3144,0,0,445254,141699,227702,25991,42388,5696,746,0,0,0,0,0,748195,170365,457531,44228,78970,18916,3319,32635,67827,2924,1051,1157,14707,714312,188595,412552,44134,71521,19349,2632,0,0,493026,157228,259122,27882,47087,12677,1680,0,0,539980,134827,311410,23914,51214,3122,637,2421,12435,756948,160080,466549,45689,83148,33175,3216,539980,134827,311410,29970,57657,23069,2166,760530,160622,468675,46605,83507,34575,3195
23,22,152637,82498,67242,202458,109831,87748,126746,69530,57216,127992,67523,60469,157306,84067,64343,405235,122431,222575,33009,20786,5113,558,31251,19396,2533,1159,0,767047,151461,523193,51603,42269,14209,2921,0,0,409428,118327,229928,32939,22051,4668,608,0,0,0,0,0,767605,146288,527955,52997,44891,13203,3859,40535,34833,2711,797,1074,13417,738263,173361,472949,55644,37616,18486,2342,0,0,499706,140807,292256,37738,26312,12118,1434,0,0,548280,113099,357077,30748,30268,3244,678,2225,10941,782040,137517,540357,52806,48572,31177,3159,548280,113099,357077,36355,36059,21772,2153,759727,133138,528615,48470,49332,34500,2895
32,23,231133,93767,133472,301800,128681,166214,196211,80024,116187,198700,77680,121020,235601,91001,131824,482705,252818,161545,41682,16963,6843,1690,38555,14656,3572,1793,0,725555,317850,300780,72366,34238,17348,4850,0,0,488840,247755,167813,43578,18914,7493,1476,0,0,0,0,0,732033,308519,308612,75415,39132,19763,5736,56327,24208,4420,2302,1274,26371,691852,353299,241252,63299,29603,19739,5117,0,0,497776,283162,148471,38843,20551,13384,3022,0,0,567745,256003,213557,44168,23316,4189,2091,3254,21167,761269,308331,319565,81598,40761,35111,6522,567745,256003,213557,54072,30452,25407,4174,759988,308319,318549,80103,40507,34777,6285
20,24,319627,194273,118394,377380,237754,130655,288262,175739,112523,294066,173776,120290,323212,190128,110739,524453,343643,130212,13416,28712,6415,583,11506,23835,2709,1965,0,760683,404541,282636,21348,50506,16393,3828,0,0,529019,341954,135645,13453,29563,6164,561,0,0,0,0,0,762325,400467,285710,21609,52558,17069,3849,13141,36010,2736,633,1592,22036,729168,411137,253401,19633,42239,17151,3262,0,0,573653,351532,170095,14602,32849,12370,2265,0,0,611182,332471,206032,10211,33382,2441,738,3323,22584,764033,381643,293604,20545,55230,31636,4047,611182,332471,206032,15646,44313,23372,2822,759398,380624,292230,19238,55060,30456,3963
24,25,223372,131433,88788,289857,172376,112385,189358,112154,77204,190909,109805,81104,228375,132738,85495,492544,217804,231735,22219,12642,6379,732,20547,11469,3971,1226,0,765925,252764,449165,35404,27085,15326,2782,0,0,501461,216026,240762,22637,13928,6396,584,0,0,0,0,0,767548,249140,451351,37036,29058,15555,3394,26561,21118,4670,955,1347,12406,733301,261085,418013,30753,22857,15647,2284,0,0,539262,228572,270199,21310,16478,10417,1482,0,0,591404,207548,328656,19727,16376,4206,648,2201,12042,769898,229581,469531,35847,29179,30691,3246,591404,207548,328656,25233,22359,22121,2112,760334,228856,463631,34237,29813,33092,3171
31,26,308093,173838,128158,378336,222079,148295,271247,151969,119278,275024,149969,125055,310296,171577,120350,502896,278522,161996,12670,43150,3796,1094,10981,38771,1326,1847,0,764004,340352,326564,22239,76418,15122,4070,0,0,507930,276744,167759,12684,43237,4056,1099,0,0,0,0,0,761730,336370,326851,22747,75696,15582,5184,13549,58201,1357,1645,1774,21983,740899,353927,300355,19246,67500,13228,3641,0,0,546178,284080,198243,12991,48896,8939,2391,0,0,587332,268321,232978,10479,51250,1308,1039,2853,19104,758888,317510,330494,22185,81430,28245,4543,587332,268321,232978,15917,61824,20500,3127,760221,317775,331383,23189,81792,27625,4569
30,27,264230,141028,117907,337687,185201,144999,228484,123625,104859,232366,121334,111032,261785,134770,111340,475100,212693,159269,52160,43529,5749,571,49078,40373,1917,2246,0,713386,268615,289788,83309,74605,16204,3638,0,0,470801,204434,164356,52868,41710,5186,711,0,0,0,0,0,710861,257074,297082,84065,72547,15973,3908,69237,58038,3006,1120,2622,22682,700447,298025,256525,82416,65912,11903,3296,0,0,500038,235279,163625,52826,46639,8031,2085,0,0,571262,211419,226984,54732,52453,1761,825,3423,19665,760132,254528,326919,94262,83094,27090,3998,571262,211419,226984,65302,61957,20120,2777,759987,254568,327007,92624,82893,27674,3888
49,28,318968,213321,99472,393523,267107,118164,281641,190263,91378,285653,187608,98045,317689,208507,90453,523217,213297,171881,33834,97788,3376,847,31004,92983,1001,2756,0,769739,257465,299786,48477,168712,17387,4220,0,0,527375,210396,178430,34269,98125,3019,793,0,0,0,0,0,765684,253082,297585,49707,171044,17232,4185,37217,146959,1199,1132,1885,26625,752170,271457,294566,50650,140487,11663,2894,0,0,579189,227358,205400,37873,109540,8366,2039,0,0,611715,215834,220138,28999,123441,1206,497,3024,18576,757513,249706,290323,46956,171706,24114,3383,611715,215834,220138,37089,136145,19145,2463,759905,250003,291536,47601,171004,23443,3316
43,29,227863,163299,60116,295759,207251,82132,189862,140030,49832,192338,136792,55546,235448,169293,53211,459981,140283,227787,25335,61891,2438,832,23745,59251,1076,1727,0,787652,172090,477491,38573,101868,9209,2678,0,0,466020,137857,233800,25781,63407,2445,821,0,0,0,0,0,783102,167572,474434,39715,104402,11116,3285,30314,90464,1072,946,2920,15380,739660,173631,441122,36184,92653,10205,2697,0,0,546365,148924,299501,25992,72781,7390,1943,0,0,592272,138592,337402,22932,76574,1026,611,2892,12243,758143,159456,456480,38552,104562,26473,2864,592272,138592,337402,29511,85078,20618,2114,760643,159707,457936,40906,105870,27774,3169
44,30,254798,185324,64583,326902,226389,93921,216745,165940,50805,219894,164147,55747,257755,185014,58019,494551,255092,147363,19328,67712,2615,554,17464,62596,970,1977,0,760170,333287,286925,28297,112536,9446,2909,0,0,503943,259083,153063,19103,66933,2754,896,0,0,0,0,0,761655,334587,284630,30167,110923,10360,3476,20263,93505,1300,1081,4066,22223,754168,316927,298542,25720,114427,8770,3143,0,0,595790,270475,212537,19644,92408,6770,2483,0,0,624290,289055,214168,18644,80479,848,540,2944,17612,757536,335714,277865,31358,110732,19861,2896,624290,289055,214168,25506,91928,15921,2110,759788,336011,278970,32436,110992,20146,2954
52,31,219398,149190,66183,293296,194504,93124,180030,125737,54293,183352,122940,60412,222797,153802,57081,480589,65603,242397,12195,155290,1958,1520,11391,153572,1287,1762,0,772685,74841,431904,19050,250195,18024,5088,0,0,481935,63709,240655,14170,157447,2614,1674,0,0,0,0,0,765976,72095,418254,21612,257235,20784,5243,15077,244594,2094,2533,1434,9895,764833,95517,434389,18813,222230,10793,2748,0,0,568951,83265,297521,13347,176699,7639,1984,0,0,601179,60202,312998,10239,206910,1017,545,1950,7318,757505,67031,417229,18915,258415,24031,2737,601179,60202,312998,14257,214276,18707,2027,760234,67298,418946,21343,258845,24886,2991
42,32,348280,261424,81103,416191,306589,102456,312847,240100,72747,317166,239978,77188,349174,259212,72275,568489,404035,72649,29328,56370,3267,476,24775,47933,1056,2779,0,757044,506196,109695,44217,97116,8593,2590,0,0,571390,399335,75776,31550,58360,3383,435,0,0,0,0,0,760720,498600,112784,46811,102512,9017,2938,32419,75679,1078,511,3060,36589,714402,502420,94164,34092,82891,6870,2482,0,0,599260,427995,72829,26936,69386,5412,1989,0,0,643657,421889,91283,27130,68495,1081,547,4601,28631,757878,488173,113855,45647,101198,13405,3069,643657,421889,91283,37217,83984,10754,2254,759411,488420,114488,45234,100455,13484,2919
39,33,188350,121890,62681,253872,162162,85677,153319,101444,51875,154909,98233,56676,193328,125960,56621,440775,105340,248415,57629,23416,3678,1105,54216,21551,1341,1902,0,750272,128719,492535,90780,47326,12498,4192,0,0,449665,105301,260005,54612,23641,3747,1046,0,0,0,0,0,755119,128576,500197,87277,47972,13252,4474,67285,37017,1780,1610,1854,16800,706796,142898,434028,92392,43440,14704,4758,0,0,482764,118228,272156,61089,31754,9767,2866,0,0,551894,98544,347333,53283,35254,1718,1508,2640,11614,757625,116491,502219,87756,54617,30753,4924,551894,98544,347333,62281,41510,22299,3173,760710,116949,503742,88218,55903,32407,5037
50,34,188820,153205,31909,246668,191174,49901,155422,131553,23869,157551,127981,29570,197052,162180,24537,415967,26993,303481,10145,72583,1609,708,9582,71503,1272,547,0,790179,32320,629083,15721,116410,8380,2188,0,0,423810,27269,308209,11373,74214,1592,696,0,0,0,0,0,787851,31901,621515,17537,120657,12618,2518,12411,114314,1426,1066,1322,3896,783986,32429,626977,14182,115778,11225,1709,0,0,563413,27813,431043,10707,96402,7957,1190,0,0,583554,25983,445741,8660,96159,939,348,1533,4191,756459,29713,595301,15897,119196,31937,1961,583554,25983,445741,12242,100892,25221,1391,759637,29921,597570,20058,121769,32803,2623
40,35,229226,138355,86469,305691,184310,114815,190846,117135,73711,193360,114300,79060,229152,137734,78476,484854,147835,240134,39418,49557,5397,1267,36112,46700,1889,2638,0,764305,177400,437441,59537,94656,20912,5331,0,0,493240,145014,247904,40678,51951,4394,1333,0,0,0,0,0,767148,171069,440450,61858,99207,21410,6024,46605,82620,1951,1882,2481,20090,708526,190438,394928,56747,71409,12710,4082,0,0,513933,158890,260884,40548,53908,8758,2602,0,0,586073,139298,311630,37795,77197,1495,1099,2894,14665,763223,161911,431303,61691,111144,28867,4783,586073,139298,311630,45918,86748,21523,3372,760807,160609,430845,61341,111156,29348,4741
41,36,365386,259659,98876,436610,312351,115458,328571,235258,93313,334335,235722,98613,365296,255545,88552,541732,350996,74507,27491,80890,3498,970,24786,71363,1150,3686,0,740850,436964,116995,42289,144487,10213,3928,0,0,540435,347785,76426,27550,81207,3553,605,0,0,0,0,0,738518,429373,116241,42464,149036,9413,3534,29926,118537,1376,766,4147,38152,726311,454035,110463,35696,124737,8035,3960,0,0,596806,386776,82121,27450,97447,6094,2961,0,0,632972,380565,93728,23313,97972,951,1004,4782,30657,758321,439646,120580,41008,146850,14725,4382,632972,380565,93728,32433,115584,11618,3239,760209,439918,121410,41099,145995,14404,4225
45,37,211501,180772,26953,266860,220070,41286,183248,161799,21449,185582,160316,25266,211790,181134,19988,424454,100270,148033,88980,81054,3351,984,85206,77680,1362,2549,0,766218,118851,388503,114054,146659,11429,3441,0,0,437075,104854,153934,88400,83338,3565,1024,0,0,0,0,0,767040,122963,382085,115564,149131,12403,3877,99069,136499,1455,1288,3678,20003,738485,101938,384228,119745,138319,12500,2548,0,0,580091,92113,273879,96637,120163,9632,1944,0,0,628595,119205,275672,82764,125548,1288,615,4363,19140,757159,130645,360502,114329,152377,30133,3023,628595,119205,275672,97061,135234,23907,2213,759740,130599,361646,115018,153415,25416,3173
51,38,259258,167051,87064,336119,214430,114395,217630,143198,74432,221052,139715,81337,264206,170901,78285,499841,115462,295051,19984,64328,2535,1315,19083,62434,1425,1407,0,756505,135111,487710,32041,102794,9725,4090,0,0,502330,116369,294725,20111,65227,2873,1279,0,0,0,0,0,750286,135273,478772,32576,104364,12777,4736,24822,92618,1654,1887,3619,11641,746962,158837,469224,32528,90155,12477,4394,0,0,553183,136658,322459,22313,71697,8899,2846,0,0,593836,105649,371532,20587,80032,1616,1565,2453,10402,757471,120073,495647,35229,107822,29842,4773,593836,105649,371532,26236,87936,23338,3469,759977,120375,497171,37090,108349,31088,4798
38,39,196257,124262,68019,260368,165159,89397,161420,103562,57858,162894,100437,62457,202302,127841,62451,463710,128375,244973,54245,30376,2979,1439,51773,27721,1383,1616,0,761565,154090,476033,81500,54009,10941,3899,0,0,471100,124699,255575,53657,31296,3042,1639,0,0,0,0,0,767572,149818,484840,81108,56994,13690,4560,66937,45468,1452,2110,1916,15031,709294,170021,409806,83019,50708,13721,5081,0,0,495861,142554,257790,55504,39450,9364,3153,0,0,561164,117218,335709,50084,37650,1899,1820,2905,13879,756137,136370,481222,82712,56814,29670,5417,561164,117218,335709,59631,44714,21679,3676,759623,137007,482952,83293,57907,31845,5441
33,40,335813,158627,171038,421238,212728,200552,296756,137386,159370,302449,135678,166771,324200,148818,157499,524412,293304,88393,13711,123080,3085,770,12338,115873,1137,2123,0,749192,371548,144204,22580,212132,7978,4097,0,0,528565,288884,91214,14741,126984,3106,840,0,0,0,0,0,753953,363096,146330,23795,222733,8871,4950,15540,193511,1296,917,2002,31261,691534,379549,129095,19322,164169,6658,3413,0,0,522580,297452,87681,13389,122461,4646,2257,0,0,598856,289711,109396,11729,161552,880,830,2584,22174,758565,349127,150975,22198,230416,14979,4495,598856,289711,109396,16564,175937,11212,3066,759559,349403,151409,22459,229407,15226,4385
37,41,256010,115474,136210,343446,161788,175055,215561,97177,118384,218268,94309,123959,249032,108646,127515,494910,235240,173147,34476,43137,4663,2109,32000,39925,1674,2475,0,752785,296802,324336,55268,77297,12578,6652,0,0,504813,232450,181443,38000,43784,4152,2192,0,0,0,0,0,762104,289349,333162,59590,81758,13509,7636,46086,63308,1788,2823,2441,23151,663175,297696,259581,45508,60663,12220,4622,0,0,474757,235730,163798,30045,42425,8079,2758,0,0,573805,226984,229027,35739,55327,2162,1960,2714,19892,761976,276024,331481,61622,88368,27725,7020,573805,226984,229027,43939,65541,20026,4668,760505,275907,330906,60652,88029,28408,6707
47,42,220305,169469,46720,285642,213500,65716,182959,144123,38836,185989,142527,43462,228384,177940,39048,441340,63070,205696,91501,72080,3119,3790,88774,69773,1288,2752,0,755573,75678,433878,126057,119189,10760,8701,0,0,438930,60670,207268,90735,72659,2462,3011,0,0,0,0,0,746386,71681,427449,126123,123712,10984,7246,112807,109984,1051,4078,3177,16159,751997,82610,420684,136266,113290,10156,11066,0,0,542210,71690,277387,100820,90045,7146,7254,0,0,583796,62531,317214,88651,93067,1034,4407,3032,13860,756274,70903,435566,125989,124511,26441,9398,583796,62531,317214,98556,102495,20396,7079,760169,71154,437238,127644,125135,27376,9390
48,43,191697,173648,15240,242294,213165,24254,161137,148906,12231,163327,147738,15589,201645,184930,9269,388284,11943,186862,180957,4934,2741,839,177641,4452,982,1558,0,773561,14105,511170,241926,10574,11723,3001,0,0,397600,12635,199397,175279,5543,2679,1239,0,0,0,0,0,772932,14709,516259,235062,12476,14077,3301,217861,7275,1239,1477,3351,10761,727491,9942,454943,263087,7747,10752,1898,0,0,500225,8083,293458,196564,5810,7402,1222,0,0,556068,14423,347385,170030,7485,884,620,3339,11902,753719,17062,493195,235707,13694,28790,2444,556068,14423,347385,185905,10684,21817,1683,759780,17214,495184,238222,16884,29757,2768
46,44,271427,181893,83497,340048,230109,101844,234553,159222,75331,238618,157324,81294,274468,181223,75702,504832,192567,172515,57702,71932,4308,3387,54678,67801,1777,3125,0,763119,224237,338138,85326,117460,15823,9888,0,0,505795,192272,177189,56583,70147,4303,2604,0,0,0,0,0,758266,224407,338759,83252,115419,13959,8184,68046,96745,1712,3655,2084,22858,748169,241305,315331,84991,107498,12925,10562,0,0,562800,208819,208843,59619,82612,9332,6698,0,0,601244,186610,244362,55198,84777,1570,4161,3184,21382,759064,210365,335895,88674,122881,26624,10033,601244,186610,244362,66510,97755,20786,7389,760586,210116,336633,88377,122040,26454,9601
36,45,257558,138934,113811,335591,176948,152230,219177,119108,100069,223253,117418,105835,253617,142312,97161,495493,162573,116856,14663,193251,3452,2030,13512,188453,1446,2653,0,755533,193486,238669,23976,299384,9148,6511,0,0,499110,160499,118557,13943,197974,3062,2048,0,0,0,0,0,751906,190462,231776,23827,306582,9363,6691,16467,286116,1110,2881,2178,20916,736587,216659,225438,22169,271844,10039,6753,0,0,559255,183671,149151,15266,208535,7019,4488,0,0,605363,149185,176972,13160,244698,1081,2515,2166,15586,759009,170549,244854,23709,316615,19022,7016,605363,149185,176972,17582,255908,14392,5130,760553,170910,245656,24549,316105,19236,6883
34,46,212715,129983,78428,273435,168161,99223,181889,111559,70330,183484,108472,75012,213941,131763,69383,425331,141232,204511,9365,65051,2175,1888,8406,62264,1051,1183,0,780742,165295,498242,17631,101192,9093,4580,0,0,443174,141375,219109,9069,68473,2075,1559,0,0,0,0,0,781448,162399,496397,17207,106474,11119,4345,10498,94107,1379,2131,974,13563,761091,171312,487656,17809,86179,10921,4356,0,0,544666,146162,317862,12500,67765,7630,2877,0,0,579876,128325,345529,9386,80514,1068,1490,2117,11447,757504,145943,482383,18274,108550,32747,4711,579876,128325,345529,13592,88368,24537,3378,759842,146330,484024,21102,110510,31411,4974
35,47,305689,162787,136609,378584,209270,161003,271696,144926,126770,277157,144582,132575,296973,152415,126202,499299,299718,81944,10116,99350,3820,1718,8619,92317,1460,2824,0,736622,373466,154779,16708,187805,7910,6344,0,0,505795,296670,86103,10756,103796,3787,1832,0,0,0,0,0,737772,364932,154151,18953,195586,9042,6300,10546,169592,1401,2446,2791,31913,676260,373605,136295,13868,150240,7488,4561,0,0,533788,312828,93284,9723,114872,5322,3205,0,0,613719,303272,122006,10091,147045,977,1243,3270,25815,759309,353757,163985,20896,211693,16377,5234,613719,303272,122006,15803,163326,12481,3747,760368,354109,164470,21213,211211,16357,5244
28,48,308001,119216,182861,389273,161267,219523,268460,103915,164545,273950,102244,171706,302857,109880,175870,531210,346949,109627,23568,36275,9428,2435,20664,30533,5505,3452,0,760216,446016,199814,40101,66245,18986,8800,0,0,538644,347670,116170,23242,37036,8750,2165,0,0,0,0,0,768885,442053,209854,41468,69269,20469,8830,25656,45806,6594,3189,1630,34098,702842,442139,167314,31844,54180,17991,5866,0,0,520096,348428,106881,20153,36770,11828,3516,0,0,581518,342416,141496,20419,40114,5893,1969,2815,26396,759337,419727,206903,41533,75137,31442,7881,581518,342416,141496,28187,53579,22315,5143,760843,420303,207411,41003,74127,31314,7517
29,49,340096,178197,154992,410122,225617,175372,306995,160537,146458,314042,160402,153640,331094,166321,144618,548011,377976,108255,16305,37024,4195,1751,14113,31183,1859,2628,0,767239,467543,206196,26043,65087,10077,6969,0,0,548285,370200,113025,16904,38897,4379,1884,0,0,0,0,0,770998,454889,213386,29048,70870,11813,8082,18492,47239,2160,2695,1620,30517,729640,461003,185446,24433,55207,10817,7176,0,0,560248,377558,121663,16261,39842,7564,4690,0,0,605899,372959,147184,13039,40402,1769,2734,3087,24725,758897,442148,205882,27076,70832,22250,8154,605899,372959,147184,19681,53191,16837,5630,760490,442602,206581,27426,70574,21810,7966
26,50,318634,203501,108253,387314,256775,121208,283352,181331,102021,290631,181809,108822,315458,194215,101122,523059,336240,99325,20955,56438,4830,1863,18388,49831,1928,3788,0,746537,407230,192918,32864,113090,10232,6525,0,0,531107,339098,102789,20020,59650,4555,2132,0,0,0,0,0,744071,405626,189360,31664,115900,11509,6348,20192,90383,1910,2437,1695,32469,700665,407103,171058,30013,91091,9753,4203,0,0,563885,349687,117543,22655,70801,7330,3003,0,0,620264,343116,142569,18194,82256,1633,1312,3859,27325,760176,395185,194054,33726,126815,18405,5772,620264,343116,142569,26272,97484,13985,4050,761056,395313,194298,33717,126327,19017,5511
27,51,304822,186727,111391,374602,238227,127462,266977,163994,102983,274284,163995,110289,304884,180632,105017,539060,298350,97920,36065,97542,4051,2156,32428,89400,1277,3740,0,777644,367517,189305,60840,165205,11310,7329,0,0,544430,296790,102887,35276,100213,4443,1900,0,0,0,0,0,779604,361555,189341,60041,172160,11886,6844,43498,144895,1593,1993,2193,34536,713057,359862,160744,53895,139374,10756,7160,0,0,551720,300932,107117,35931,104811,7608,4748,0,0,606411,286215,132108,32860,117937,1617,2500,3391,29783,757897,335535,182025,60154,174662,19794,8710,606411,286215,132108,42931,136100,14997,6204,759758,336040,182609,59329,173112,20250,8320
25,52,243461,161445,77440,319002,208947,103390,200272,134953,65319,203407,130637,72770,253146,171382,68474,482652,110902,239615,48364,74786,2422,3364,45871,70311,974,3538,0,775171,129698,453568,76280,127652,9608,9120,0,0,497880,114459,247854,50732,75104,2636,3223,0,0,0,0,0,776366,132747,451108,78956,126519,12330,9432,60433,101116,1112,3814,1866,24170,719419,137561,404410,72245,114204,11149,9369,0,0,522529,118003,270165,50240,85387,7693,6042,0,0,580927,103803,324639,43373,84962,1361,3173,2178,17438,761464,120068,448634,73080,129271,24876,9799,580927,103803,324639,53439,100026,18824,6792,760136,119544,448343,72078,127816,28104,9419